"id","category","module_or_language","question_type","label","question","option_A","option_B","option_C","option_D","answer"
"1","Theoretical","Module 1: Introduction to Programming Paradigms","Theory","Theory_1","A programming paradigm is best described as:","A specific programming language together with its syntax rules","A fundamental style of structuring programs and solving problems","A type of compiler that translates source code into machine code","A hardware architecture that determines how programs execute","B"
"2","Theoretical","Module 1: Introduction to Programming Paradigms","Theory","Theory_2","Which of the following is NOT a programming paradigm?","Garbage collection","Logic programming","Object-oriented programming","Event-driven programming","A"
"3","Theoretical","Module 1: Introduction to Programming Paradigms","Theory","Theory_3","A language that supports more than one programming paradigm is called:","Low-level","Domain-specific","Multi-paradigm","Single-paradigm","C"
"4","Theoretical","Module 1: Introduction to Programming Paradigms","Theory","Theory_4","Which statement about paradigms and programming languages is correct?","Every programming language is designed to support exactly one paradigm","A paradigm is an approach to programming, and a language may support several","A paradigm is simply another name for the compiler a language uses","Paradigms are fixed properties of computer hardware, not of languages","B"
"5","Theoretical","Module 1: Introduction to Programming Paradigms","Theory","Theory_5","Prolog is primarily associated with which paradigm?","Procedural programming","Event-driven programming","Object-oriented programming","Logic programming","D"
"6","Theoretical","Module 1: Introduction to Programming Paradigms","Theory","Theory_6","Many paradigms are broadly grouped under which two umbrella categories?","Compiled and interpreted","Static and dynamic typing","Imperative and declarative","Synchronous and asynchronous","C"
"7","Theoretical","Module 1: Introduction to Programming Paradigms","Theory","Theory_7","Why is it useful for a programmer to learn multiple paradigms?","Every program is required to combine all paradigms at the same time","Compilers refuse to build programs that follow only a single paradigm","Each one offers a different way to model problems, so the best fit can be chosen","Programs written with more paradigms always run noticeably faster","C"
"8","Theoretical","Module 1: Introduction to Programming Paradigms","Theory","Theory_8","Which of the following is generally considered a purely functional language?","C","Haskell","Java","Assembly","B"
"9","Theoretical","Module 1: Introduction to Programming Paradigms","Theory","Theory_9","Which model of computation is the theoretical foundation of functional programming?","Finite automata","Relational algebra","Lambda calculus","Boolean circuits","C"
"10","Theoretical","Module 1: Introduction to Programming Paradigms","Theory","Theory_10","Which hardware model most strongly influenced the imperative paradigm, with its stored program and modifiable memory?","Von Neumann architecture","Lambda calculus","Predicate logic","The relational database model","A"
"11","Theoretical","Module 2: Procedural Programming","Theory","Theory_11","Procedural programming organizes a program mainly around:","Classes that bundle data and behavior","Procedures (functions) that operate on data","Events and their handlers","Facts and rules in a knowledge base","B"
"12","Theoretical","Module 2: Procedural Programming","Theory","Theory_12","In the C function header int add(int x, int y), the identifiers x and y are called:","Parameters","Arguments","Return values","Prototypes","A"
"13","Theoretical","Module 2: Procedural Programming","Theory","Theory_13","What does a C function prototype tell the compiler?","The machine instructions that the function will eventually generate","The memory address at which the function will be loaded at runtime","How many times the function is expected to be called in the program","The name, return type, and parameter types, declared before the definition","D"
"14","Theoretical","Module 2: Procedural Programming","Theory","Theory_14","Which approach is characteristic of procedural program design?","Top-down design that breaks a problem into smaller procedures","Defining class hierarchies in which subclasses inherit from base classes","Writing the entire program as a set of pure mathematical expressions","Letting user actions decide when each piece of code is going to run","A"
"15","Theoretical","Module 2: Procedural Programming","Theory","Theory_15","In C, a variable declared inside a function (without static) has which scope and lifetime?","Global to the whole program, and it exists until the program ends","Shared by every function in the same source file for its whole run","Local to the function, but it keeps its value between separate calls","Local to the function; it exists only while the function runs","D"
"16","Theoretical","Module 2: Procedural Programming","Theory","Theory_16","When an argument is passed by value in C, the function receives:","The memory address of the original variable","A copy of the argument's value","The original variable itself, so changes affect the caller","A reference that is evaluated only when needed","B"
"17","Theoretical","Module 2: Procedural Programming","Theory","Theory_17","How can a C function modify a variable that belongs to its caller?","By receiving the variable's value as a normal parameter","By declaring the function with a void return type","By writing a function prototype for it","By receiving a pointer to the variable","D"
"18","Theoretical","Module 2: Procedural Programming","Theory","Theory_18","What is a common drawback of using many global variables in a procedural program?","They cannot be read from inside any function other than main","They force the whole program to be rewritten using classes","They make every function pure and free of any side effects","Any procedure can change them, so the program is harder to debug","D"
"19","Theoretical","Module 2: Procedural Programming","Theory","Theory_19","Which are the three basic control structures of structured programming?","Sequence, selection, and iteration","Class, object, and method","Map, filter, and reduce","Event, listener, and handler","A"
"20","Theoretical","Module 2: Procedural Programming","Theory","Theory_20","A function that calls itself is an example of:","Overloading","Encapsulation","Polymorphism","Recursion","D"
"21","Theoretical","Module 3: Functional Programming","Theory","Theory_21","A pure function is one that:","Never takes any parameters and never returns a value to the caller","Returns the same output for the same inputs and has no side effects","Modifies global variables in order to store the result of its work","Can be called only once during the entire run of a program","B"
"22","Theoretical","Module 3: Functional Programming","Theory","Theory_22","Immutability in functional programming means that:","Variables must always be declared as global in every program","Functions can never be passed as arguments to other functions","Recursion is not allowed anywhere inside a program","Once a value is created, it cannot be changed","D"
"23","Theoretical","Module 3: Functional Programming","Theory","Theory_23","A higher-order function is a function that:","Always runs faster than ordinary first-order functions do","Must always be defined at the very top of its source file","Takes functions as arguments, returns a function, or both","Has more than three parameters in its declaration","C"
"24","Theoretical","Module 3: Functional Programming","Theory","Theory_24","Which higher-order function applies a given function to every element of a list and returns a new list of the results?","filter","foldr","zip","map","D"
"25","Theoretical","Module 3: Functional Programming","Theory","Theory_25","In functional programming, what does fold (foldr/reduce) do?","Removes from the list every element that fails a given test","Sorts the elements of the list in place using a comparison","Combines the elements of a list into one value using a binary function","Splits the list into two halves and returns them as a pair","C"
"26","Theoretical","Module 3: Functional Programming","Theory","Theory_26","Referential transparency means that:","An expression can be replaced by its value without changing behavior","Every variable must be declared and initialized before it is used","A program must contain no comments or hidden source code at all","Every function in the program must print its result to the screen","A"
"27","Theoretical","Module 3: Functional Programming","Theory","Theory_27","Currying is the technique of:","Converting a recursive function into an equivalent loop-based one","Caching the results of a function so repeated calls run faster","Combining several related classes together into a single class","Turning a multi-argument function into a chain of one-argument functions","D"
"28","Theoretical","Module 3: Functional Programming","Theory","Theory_28","""Functions are first-class citizens"" means that functions can:","Only be called from inside the main function of the program","Execute before any other code in the program is started","Never have side effects and never read any outside data","Be stored in variables, passed as arguments, and returned","D"
"29","Theoretical","Module 3: Functional Programming","Theory","Theory_29","Because pure functional languages avoid mutable loop counters, repetition is typically expressed using:","Recursion and higher-order functions","Global flags that are updated by every function call","goto statements that jump back to earlier labels","Class inheritance that repeats the behavior of a parent","A"
"30","Theoretical","Module 3: Functional Programming","Theory","Theory_30","Lazy evaluation (used by Haskell) means that:","All expressions are evaluated as soon as the program starts","Expressions are evaluated only when their values are needed","Functions always run in a separate background thread","Runtime errors are silently ignored instead of reported","B"
"31","Theoretical","Module 4: Object-oriented Programming","Theory","Theory_31","Encapsulation in object-oriented programming refers to:","Creating a new class by extending the members of an existing class","Letting one method name work with many different argument types","Converting objects into a text format so they can be stored","Bundling data with its methods and restricting direct access to the state","D"
"32","Theoretical","Module 4: Object-oriented Programming","Theory","Theory_32","What is the relationship between a class and an object?","A class is a blueprint, and an object is an instance created from it","An object is the blueprint, and a class is a single instance made from it","They are two different names for exactly the same programming construct","A class is a kind of loop, and an object is the counter that it uses","A"
"33","Theoretical","Module 4: Object-oriented Programming","Theory","Theory_33","Inheritance allows a class to:","Hide all of its fields from other classes","Acquire the fields and methods of another class","Be instantiated without a constructor","Run without being compiled","B"
"34","Theoretical","Module 4: Object-oriented Programming","Theory","Theory_34","Polymorphism allows:","Two different objects to share exactly the same memory address","A class to be restricted so that it has only a single instance","A single program to run unchanged on several operating systems","One method call to behave differently depending on the object's actual type","D"
"35","Theoretical","Module 4: Object-oriented Programming","Theory","Theory_35","Abstraction in object-oriented programming means:","Exposing the essential features of an object and hiding the implementation","Making every member of a class public so any code can reach it","Copying the code from one class directly into several others","Removing every method from a class so that only fields remain","A"
"36","Theoretical","Module 4: Object-oriented Programming","Theory","Theory_36","What is the purpose of a constructor?","To delete an object when it is no longer needed","To compare two objects for equality","To initialize an object when it is created","To convert an object into a string","C"
"37","Theoretical","Module 4: Object-oriented Programming","Theory","Theory_37","Method overriding occurs when:","Two methods in one class share a name but have different parameter lists","A subclass supplies its own version of a method defined in its superclass","A method in a class is declared private so subclasses cannot see it","A method is written so that it calls itself until a base case is met","B"
"38","Theoretical","Module 4: Object-oriented Programming","Theory","Theory_38","Which statement about an abstract class in Java is true?","It must provide an implementation for every one of its methods","It can contain only static methods and static fields, nothing else","It cannot be instantiated directly and may declare abstract methods","It can be instantiated with new in the same way as any other class","C"
"39","Theoretical","Module 4: Object-oriented Programming","Theory","Theory_39","In Java, an interface is mainly used to:","Store the global variables that are shared by an entire program","Define a contract of methods that implementing classes must provide","Replace the main method as the entry point of a Java program","Create objects directly without calling any constructor at all","B"
"40","Theoretical","Module 4: Object-oriented Programming","Theory","Theory_40","Which access modifier allows a member to be accessed only from within its own class?","private","public","protected","default (package-private)","A"
"41","Theoretical","Module 5: Imperative vs Declarative Programming","Theory","Theory_41","Imperative programming focuses on:","Describing only the desired result and leaving the steps to the system","Defining objects that communicate by sending messages to each other","Describing how a task is done through step-by-step statements that change state","Declaring facts and rules and letting an engine infer the answers","C"
"42","Theoretical","Module 5: Imperative vs Declarative Programming","Theory","Theory_42","Declarative programming focuses on:","Specifying every step and memory change in the exact order they happen","Manually managing memory addresses and pointers in the program","Describing what result is wanted and leaving the how to the runtime","Writing programs directly in machine code for a specific processor","C"
"43","Theoretical","Module 5: Imperative vs Declarative Programming","Theory","Theory_43","Which of the following is an example of a declarative language?","SQL","C","Assembly","Java","A"
"44","Theoretical","Module 5: Imperative vs Declarative Programming","Theory","Theory_44","Which of the following is a typical feature of imperative programs?","Assignment statements that change the program's state","Programs made up only of facts and rules","Strictly immutable data","Execution decided entirely by a query optimizer","A"
"45","Theoretical","Module 5: Imperative vs Declarative Programming","Theory","Theory_45","Which of the following is written in an imperative style?","The query SELECT SUM(price) FROM orders; run by a database engine","A CSS rule that sets the color of all headings on a page","A for loop that adds each price to a mutable total variable","An HTML tag that defines the structure of a paragraph","C"
"46","Theoretical","Module 5: Imperative vs Declarative Programming","Theory","Theory_46","Functional programming is generally considered:","A style within the declarative family","The same thing as procedural programming","A style that requires mutable variables","A low-level imperative paradigm","A"
"47","Theoretical","Module 5: Imperative vs Declarative Programming","Theory","Theory_47","In the query SELECT name FROM students WHERE grade > 90;, who decides how the rows are retrieved?","The programmer, through explicit loops","The operating system's file manager","The database engine's query optimizer","The compiler of the host language","C"
"48","Theoretical","Module 5: Imperative vs Declarative Programming","Theory","Theory_48","Procedural and object-oriented programming are both generally classified under which broader paradigm?","Declarative programming","Imperative programming","Logic programming","Functional programming","B"
"49","Theoretical","Module 5: Imperative vs Declarative Programming","Theory","Theory_49","Which is a commonly cited advantage of declarative code?","It gives the programmer full control of every execution step","It always runs faster than imperative code","It requires no knowledge of the problem domain","It is often more concise and lets the system choose how to execute it","D"
"50","Theoretical","Module 5: Imperative vs Declarative Programming","Theory","Theory_50","Prolog is considered declarative because a Prolog program:","Lists step-by-step instructions for the CPU to follow in order","States facts and rules, and an inference engine finds solutions","Is built from classes and objects that exchange messages","Responds only to user events such as mouse clicks and key presses","B"
"51","Theoretical","Module 6: Event-driven Programming","Theory","Theory_51","In event-driven programming, the flow of the program is determined by:","A fixed top-to-bottom order of statements","The order in which functions are defined in the file","Events such as user actions, sensor outputs, or messages","The size of the compiled program","C"
"52","Theoretical","Module 6: Event-driven Programming","Theory","Theory_52","An event handler (callback) is:","A variable that is used to store only the most recent event","A loop that waits forever and never terminates on its own","A function that runs in response to a particular event","A compiler directive that is processed before the build","C"
"53","Theoretical","Module 6: Event-driven Programming","Theory","Theory_53","What is the role of the event loop?","To compile all of the handlers into machine code ahead of time","To wait for events and dispatch each one to its handler","To prevent events from occurring while the program is running","To execute every handler exactly once in a random order","B"
"54","Theoretical","Module 6: Event-driven Programming","Theory","Theory_54","Registering (or subscribing) a handler to an event means:","Attaching the handler to an event source so it runs when the event fires","Removing the event from the event queue before it can be processed","Compiling the handler ahead of time so that the program starts faster","Converting the event itself into an ordinary function that is called","A"
"55","Theoretical","Module 6: Event-driven Programming","Theory","Theory_55","Which of the following is a typical example of an event?","Declaring an integer variable","A mouse click on a button","Defining a constant","Importing a library","B"
"56","Theoretical","Module 6: Event-driven Programming","Theory","Theory_56","Which design pattern is the foundation of many event systems, where subjects notify subscribed objects when their state changes?","Observer","Singleton","Factory","Iterator","A"
"57","Theoretical","Module 6: Event-driven Programming","Theory","Theory_57","A callback is:","A function that must return its result immediately when it is defined","A function that can be called only once during a program run","A loop that keeps repeating until the program is forcibly stopped","A function passed as an argument to be called later, such as on an event","D"
"58","Theoretical","Module 6: Event-driven Programming","Theory","Theory_58","Which kind of application is most naturally built using the event-driven paradigm?","A batch program that reads a file and prints a total","A one-time mathematical calculation","A graphical user interface","A script that prints a fixed report","C"
"59","Theoretical","Module 6: Event-driven Programming","Theory","Theory_59","In C#, which construct defines the signature of the methods that can be attached to an event?","A delegate","A namespace","An enum","A destructor","A"
"60","Theoretical","Module 6: Event-driven Programming","Theory","Theory_60","In Java Swing, the component that generates an event (for example, a JButton) is called the:","Event handler","Event source","Event loop","Event queue","B"
"61","Theoretical","Module 7: Component Mappings between Programming Paradigms","Theory","Theory_61","A procedural struct together with the functions that operate on it most closely maps to which object-oriented concept?","An interface with no members","A static import","An exception handler","A class with fields and methods","D"
"62","Theoretical","Module 7: Component Mappings between Programming Paradigms","Theory","Theory_62","A procedural function that operates on a record's data corresponds in object-oriented programming to:","A package","A method","An attribute","A constructor only","B"
"63","Theoretical","Module 7: Component Mappings between Programming Paradigms","Theory","Theory_63","A for loop that processes each element of a list in an imperative program maps to which functional construct?","Recursion or higher-order functions such as map and fold","Mutable global variables that every function is allowed to update","Inheritance hierarchies that share behavior between several classes","Event handlers that respond to user actions in a window","A"
"64","Theoretical","Module 7: Component Mappings between Programming Paradigms","Theory","Theory_64","A mutable variable in an imperative language corresponds in a pure functional language to:","A global variable that any function in the program may update freely","A pointer to a specific memory address that holds the value","An immutable binding, where a ""change"" produces a new value","A class attribute that is declared with the private keyword","C"
"65","Theoretical","Module 7: Component Mappings between Programming Paradigms","Theory","Theory_65","Haskell type classes play a role similar to which object-oriented feature?","Constructors that set up the initial state of every new object","Interfaces that let different types share common operations","Static fields that are shared by all instances of one class","Private methods that are hidden from all outside callers","B"
"66","Theoretical","Module 7: Component Mappings between Programming Paradigms","Theory","Theory_66","A C function pointer passed to qsort as a comparison function is most similar to which functional programming concept?","A pure function that has no parameters and always returns one value","Lazy evaluation of a list so its elements are computed on demand","Passing a function as an argument to a higher-order function","Currying a function into a chain of single-argument functions","C"
"67","Theoretical","Module 7: Component Mappings between Programming Paradigms","Theory","Theory_67","In Java, an event handler is typically implemented as:","A global variable that stores the most recent user action","A static class that contains no methods or fields at all","A goto label that the runtime jumps to when an event occurs","A method of an object implementing a listener interface (or a lambda)","D"
"68","Theoretical","Module 7: Component Mappings between Programming Paradigms","Theory","Theory_68","In Haskell, algebraic data types combined with pattern matching are often used to achieve what object-oriented programming achieves with:","Class hierarchies and polymorphic method dispatch","Private fields that are hidden behind public accessor methods","Constructors that are chained together with super calls","Multiple threads that run concurrently and share one memory","A"
"69","Theoretical","Module 7: Component Mappings between Programming Paradigms","Theory","Theory_69","A Java static method that does not use any instance data is closest to which procedural concept?","A struct that groups several related fields together","A local variable declared inside the main function","A header file that declares the available functions","An ordinary standalone function","D"
"70","Theoretical","Module 7: Component Mappings between Programming Paradigms","Theory","Theory_70","A loop with an if statement that copies only the matching elements into a new list is the imperative counterpart of which declarative construct?","A map operation that transforms every element","A filter operation (or an SQL WHERE clause)","A fold that reduces the list to a single value","A class constructor","B"
"71","Programming","C","Type A","Type A_1","What is the output of the following code?<br>#include <stdio.h><br>int main() {<br> int sum = 0;<br> for (int i = 1; i <= 10; i += 3) {<br> sum += i;<br> }<br> printf(""%d"", sum);<br> return 0;<br>}","18","12","22","28","C"
"72","Programming","C","Type B","Type B_1","Which of the following code snippets will produce the output:<br>1 2 3 4 5","#include <stdio.h><br>int main() {<br> for (int i = 1; i < 5; i++) {<br> printf(""%d "", i);<br> }<br> return 0;<br>}","#include <stdio.h><br>int main() {<br> for (int i = 1; i <= 5; i++) {<br> printf(""%d "", i);<br> }<br> return 0;<br>}","#include <stdio.h><br>int main() {<br> for (int i = 0; i <= 5; i++) {<br> printf(""%d "", i);<br> }<br> return 0;<br>}","#include <stdio.h><br>int main() {<br> for (int i = 5; i >= 1; i--) {<br> printf(""%d "", i);<br> }<br> return 0;<br>}","B"
"73","Programming","C","Type C","Type C_1","Which of the following completes the missing line/s so that the code produces the expected output?<br>#include <stdio.h><br>int main() {<br> int n = 5, fact = 1;<br> for (int i = 2; i <= n; i++) { ______<br> }<br> printf(""%d"", fact);<br> return 0;<br>}<br>Expected output:<br>120","fact += i;","fact = i;","fact *= i;","fact *= fact;","C"
"74","Programming","C","Type A","Type A_2","What is the output of the following code?<br>#include <stdio.h><br>void change(int x) {<br> x = x * 2;<br>}<br>int main() {<br> int n = 7;<br> change(n);<br> printf(""%d"", n);<br> return 0;<br>}","14","7","49","0","B"
"75","Programming","C","Type B","Type B_2","Which of the following code snippets will produce the output:<br>15","#include <stdio.h><br>int main() {<br> int i = 1, s = 0;<br> while (i < 5) {<br> s += i;<br> i++;<br> }<br> printf(""%d"", s);<br> return 0;<br>}","#include <stdio.h><br>int main() {<br> int i = 1, s = 0;<br> while (i <= 5) {<br> s += i;<br> i++;<br> }<br> printf(""%d"", s);<br> return 0;<br>}","#include <stdio.h><br>int main() {<br> int i = 1, s = 1;<br> while (i <= 5) {<br> s += i;<br> i++;<br> }<br> printf(""%d"", s);<br> return 0;<br>}","#include <stdio.h><br>int main() {<br> int i = 1, s = 0;<br> while (i <= 5) {<br> s += i * 2;<br> i++;<br> }<br> printf(""%d"", s);<br> return 0;<br>}","B"
"76","Programming","C","Type C","Type C_2","Which of the following completes the missing line/s so that the code produces the expected output?<br>#include <stdio.h><br>int max(int a, int b) {<br> ______<br>}<br>int main() {<br> printf(""%d"", max(12, 30));<br> return 0;<br>}<br>Expected output:<br>30","return (a > b) ? a : b;","return (a < b) ? a : b;","return a + b;","return a - b;","A"
"77","Programming","C","Type A","Type A_3","What is the output of the following code?<br>#include <stdio.h><br>void swap(int *a, int *b) {<br> int t = *a;<br> *a = *b;<br> *b = t;<br>}<br>int main() {<br> int x = 3, y = 8;<br> swap(&x, &y);<br> printf(""%d %d"", x, y);<br> return 0;<br>}","8 3","3 8","8 8","3 3","A"
"78","Programming","C","Type B","Type B_3","Which of the following code snippets will produce the output:<br>Score: 95.50","#include <stdio.h><br>int main() {<br> printf(""Score: %f"", 95.5);<br> return 0;<br>}","#include <stdio.h><br>int main() {<br> printf(""Score: %.1f"", 95.5);<br> return 0;<br>}","#include <stdio.h><br>int main() {<br> printf(""Score: %.2f"", 95.5);<br> return 0;<br>}","#include <stdio.h><br>int main() {<br> printf(""Score: %d"", (int) 95.5);<br> return 0;<br>}","C"
"79","Programming","C","Type C","Type C_3","Which of the following completes the missing line/s so that the code produces the expected output?<br>#include <stdio.h><br>void swap(int *a, int *b) {<br> ______<br>}<br>int main() {<br> int x = 4, y = 9;<br> swap(&x, &y);<br> printf(""%d %d"", x, y);<br> return 0;<br>}<br>Expected output:<br>9 4","int t = *a;<br>*a = *b;<br>*b = t;","*a = *b;<br>*b = *a;","int t = *a;<br>*b = *a;<br>*a = t;","int *t = a;<br>a = b;<br>b = t;","A"
"80","Programming","C","Type A","Type A_4","What is the output of the following code?<br>#include <stdio.h><br>int f(int n) {<br> if (n <= 1) {<br> return 1;<br> }<br> return n * f(n - 1);<br>}<br>int main() {<br> printf(""%d"", f(5));<br> return 0;<br>}","24","120","60","720","B"
"81","Programming","C","Type B","Type B_4","Which of the following code snippets will produce the output:<br>25","#include <stdio.h><br>int sq(int n) {<br> return n + n;<br>}<br>int main() {<br> printf(""%d"", sq(5));<br> return 0;<br>}","#include <stdio.h><br>int sq(int n) {<br> return n ^ n;<br>}<br>int main() {<br> printf(""%d"", sq(5));<br> return 0;<br>}","#include <stdio.h><br>int sq(int n) {<br> return n * n;<br>}<br>int main() {<br> printf(""%d"", sq(5));<br> return 0;<br>}","#include <stdio.h><br>int sq(int n) {<br> return n * (n - 1);<br>}<br>int main() {<br> printf(""%d"", sq(5));<br> return 0;<br>}","C"
"82","Programming","C","Type C","Type C_4","Which of the following completes the missing line/s so that the code produces the expected output?<br>#include <stdio.h><br>int main() {<br> int arr[] = {4, 9, 2, 7};<br> int max = arr[0];<br> for (int i = 1; i < 4; i++) {<br> ______<br> }<br> printf(""%d"", max);<br> return 0;<br>}<br>Expected output:<br>9","if (arr[i] < max) max = arr[i];","max = arr[i];","if (arr[i] > max) max = arr[i];","max += arr[i];","C"
"83","Programming","C","Type A","Type A_5","What is the output of the following code?<br>#include <stdio.h><br>int main() {<br> int arr[] = {10, 20, 30, 40, 50};<br> int *p = arr + 1;<br> printf(""%d %d"", *p, *(p + 2));<br> return 0;<br>}","10 30","20 40","20 30","30 50","B"
"84","Programming","C","Type B","Type B_5","Which of the following code snippets will produce the output:<br>10 20","#include <stdio.h><br>void swap(int a, int b) {<br> int t = a;<br> a = b;<br> b = t;<br>}<br>int main() {<br> int x = 20, y = 10;<br> swap(x, y);<br> printf(""%d %d"", x, y);<br> return 0;<br>}","#include <stdio.h><br>void swap(int *a, int *b) {<br> int t = *a;<br> *a = *b;<br> *b = t;<br>}<br>int main() {<br> int x = 10, y = 20;<br> swap(&x, &y);<br> printf(""%d %d"", x, y);<br> return 0;<br>}","#include <stdio.h><br>void swap(int *a, int *b) {<br> int t = *a;<br> *a = *b;<br> *b = t;<br>}<br>int main() {<br> int x = 20, y = 10;<br> swap(&x, &y);<br> printf(""%d %d"", x, y);<br> return 0;<br>}","#include <stdio.h><br>void swap(int *a, int *b) {<br> int t = *a;<br> *a = *b;<br> *b = *a;<br>}<br>int main() {<br> int x = 20, y = 10;<br> swap(&x, &y);<br> printf(""%d %d"", x, y);<br> return 0;<br>}","C"
"85","Programming","C","Type C","Type C_5","Which of the following completes the missing line/s so that the code produces the expected output?<br>#include <stdio.h><br>int fib(int n) {<br> if (n < 2) {<br> return n;<br> }<br> ______<br>}<br>int main() {<br> printf(""%d"", fib(6));<br> return 0;<br>}<br>Expected output:<br>8","return fib(n - 1) + fib(n - 2);","return fib(n - 1) * fib(n - 2);","return fib(n - 1) + fib(n - 1);","return n + fib(n - 1);","A"
"86","Programming","C","Type A","Type A_6","What is the output of the following code?<br>#include <stdio.h><br>void counter() {<br> static int c = 0;<br> c++;<br> printf(""%d "", c);<br>}<br>int main() {<br> counter();<br> counter();<br> counter();<br> return 0;<br>}","1 1 1","1 2 3","0 1 2","3 3 3","B"
"87","Programming","C","Type B","Type B_6","Which of the following code snippets will produce the output:<br>Alice 21","#include <stdio.h><br>struct Person {<br> char name[10];<br> int age;<br>};<br>void birthday(struct Person p) {<br> p.age++;<br>}<br>int main() {<br> struct Person p = {""Alice"", 20};<br> birthday(p);<br> printf(""%s %d"", p.name, p.age);<br> return 0;<br>}","#include <stdio.h><br>struct Person {<br> char name[10];<br> int age;<br>};<br>void birthday(struct Person *p) {<br> p->age += 2;<br>}<br>int main() {<br> struct Person p = {""Alice"", 20};<br> birthday(&p);<br> printf(""%s %d"", p.name, p.age);<br> return 0;<br>}","#include <stdio.h><br>struct Person {<br> char name[10];<br> int age;<br>};<br>void birthday(struct Person *p) {<br> p->age--;<br>}<br>int main() {<br> struct Person p = {""Alice"", 20};<br> birthday(&p);<br> printf(""%s %d"", p.name, p.age);<br> return 0;<br>}","#include <stdio.h><br>struct Person {<br> char name[10];<br> int age;<br>};<br>void birthday(struct Person *p) {<br> p->age++;<br>}<br>int main() {<br> struct Person p = {""Alice"", 20};<br> birthday(&p);<br> printf(""%s %d"", p.name, p.age);<br> return 0;<br>}","D"
"88","Programming","C","Type C","Type C_6","Which of the following completes the missing line/s so that the code produces the expected output?<br>#include <stdio.h><br>int main() {<br> char s[] = ""event"";<br> int i = 0, len = 0;<br> while (______) {<br> len++;<br> i++;<br> }<br> printf(""%d"", len);<br> return 0;<br>}<br>Expected output:<br>5","s[i] == '\0'","i < 4","s[i] != '\0'","i <= 5","C"
"89","Programming","C","Type A","Type A_7","What is the output of the following code?<br>#include <stdio.h><br>int main() {<br> int x = 2;<br> switch (x) {<br> case 1: printf(""A"");<br> case 2: printf(""B"");<br> case 3: printf(""C""); break;<br> default: printf(""D"");<br> }<br> return 0;<br>}","B","BCD","BC","ABC","C"
"90","Programming","C","Type B","Type B_7","Which of the following code snippets will produce the output:<br>3 2 1","#include <stdio.h><br>void count(int n) {<br> if (n == 0) {<br> return;<br> }<br> count(n - 1);<br> printf(""%d "", n);<br>}<br>int main() {<br> count(3);<br> return 0;<br>}","#include <stdio.h><br>void count(int n) {<br> if (n == 0) {<br> return;<br> }<br> printf(""%d "", n);<br> count(n - 1);<br>}<br>int main() {<br> count(3);<br> return 0;<br>}","#include <stdio.h><br>void count(int n) {<br> if (n == 1) {<br> return;<br> }<br> printf(""%d "", n);<br> count(n - 1);<br>}<br>int main() {<br> count(3);<br> return 0;<br>}","#include <stdio.h><br>void count(int n) {<br> if (n < 0) {<br> return;<br> }<br> printf(""%d "", n);<br> count(n - 1);<br>}<br>int main() {<br> count(3);<br> return 0;<br>}","B"
"91","Programming","C","Type C","Type C_7","Which of the following completes the missing line/s so that the code produces the expected output?<br>#include <stdio.h><br>void on_event(void (*handler)(int), int code) {<br> ______<br>}<br>void greet(int c) {<br> printf(""Event %d handled"", c);<br>}<br>int main() {<br> on_event(greet, 3);<br> return 0;<br>}<br>Expected output:<br>Event 3 handled","handler(code + 1);","handler(0);","(*handler);","handler(code);","D"
"92","Programming","C","Type A","Type A_8","What is the output of the following code?<br>#include <stdio.h><br>int main() {<br> char s[] = ""paradigm"";<br> int count = 0;<br> for (int i = 0; s[i] != '\0'; i++) {<br> if (s[i] == 'a') {<br> count++;<br> }<br> }<br> printf(""%d"", count);<br> return 0;<br>}","1","3","8","2","D"
"93","Programming","C","Type B","Type B_8","Which of the following code snippets will produce the output:<br>Pass","#include <stdio.h><br>int main() {<br> int score = 74;<br> printf(""%s"", (score >= 75) ? ""Pass"" : ""Fail"");<br> return 0;<br>}","#include <stdio.h><br>int main() {<br> int score = 75;<br> printf(""%s"", (score >= 75) ? ""Pass"" : ""Fail"");<br> return 0;<br>}","#include <stdio.h><br>int main() {<br> int score = 75;<br> printf(""%s"", (score > 75) ? ""Pass"" : ""Fail"");<br> return 0;<br>}","#include <stdio.h><br>int main() {<br> int score = 60;<br> printf(""%s"", (score >= 75) ? ""Pass"" : ""Fail"");<br> return 0;<br>}","B"
"94","Programming","C","Type C","Type C_8","Which of the following completes the missing line/s so that the code produces the expected output?<br>#include <stdio.h><br>int main() {<br> for (int i = 1; i <= 3; i++) {<br> for (int j = 1; j <= i; j++) {<br> printf(""*"");<br> }<br> ______<br> }<br> return 0;<br>}<br>Expected output:<br>*<br>**<br>***","printf("" "");","printf(""\n\n"");","printf(""\n"");","printf(""%d"", i);","C"
"95","Programming","C","Type A","Type A_9","What is the output of the following code?<br>#include <stdio.h><br>int main() {<br> int a = 17, b = 5;<br> printf(""%d %d %d"", a / b, a % b, -a / b);<br> return 0;<br>}","3 2 -3","3 2 -4","4 2 -3","3 3 -3","A"
"96","Programming","Java","Type A","Type A_10","What is the output of the following code?<br>class Parent {<br> String name = ""Parent"";<br> String who() {<br> return ""Parent"";<br> }<br>}<br>class Child extends Parent {<br> String name = ""Child"";<br> String who() {<br> return ""Child"";<br> }<br>}<br>public class Main {<br> public static void main(String[] args) {<br> Parent p = new Child();<br> System.out.println(p.name + "" "" + p.who());<br> }<br>}","Parent Child","Child Child","Parent Parent","Child Parent","A"
"97","Programming","Java","Type B","Type B_9","Which of the following code snippets will produce the output:<br>A B C","public class Main {<br> public static void main(String[] args) {<br>  String[] arr = {""A"", ""B"", ""C""};<br>  for (int i = 0; i < arr.length - 1; i++) {<br>   System.out.print(arr[i] + "" "");<br>  }<br> }<br>}","public class Main {<br> public static void main(String[] args) {<br>  String[] arr = {""A"", ""B"", ""C""};<br>  for (int i = arr.length - 1; i >= 0; i--) {<br>   System.out.print(arr[i] + "" "");<br>  }<br> }<br>}","public class Main {<br> public static void main(String[] args) {<br>  String[] arr = {""A"", ""B"", ""C""};<br>  for (int i = 1; i < arr.length; i++) {<br>   System.out.print(arr[i] + "" "");<br>  }<br> }<br>}","public class Main {<br> public static void main(String[] args) {<br>  String[] arr = {""A"", ""B"", ""C""};<br>  for (String s : arr) {<br>   System.out.print(s + "" "");<br>  }<br> }<br>}","D"
"98","Programming","Java","Type C","Type C_9","Which of the following completes the missing line/s so that the code produces the expected output?<br>class Person {<br> String name;<br> Person() {<br> name = ""Unknown"";<br> }<br> Person(String name) {<br> this.name = name;<br> }<br>}<br>class Student extends Person {<br> int id;<br> Student(String name, int id) {<br> ______<br> this.id = id;<br> }<br> void show() {<br> System.out.println(name + "" "" + id);<br> }<br>}<br>public class Main {<br> public static void main(String[] args) {<br> new Student(""Liza"", 5).show();<br> }<br>}<br>Expected output:<br>Liza 5","super();","super(name.toUpperCase());","super(id);","super(name);","D"
"99","Programming","Java","Type A","Type A_11","What is the output of the following code?<br>class A {<br> A() {<br> System.out.print(""A "");<br> }<br>}<br>class B extends A {<br> B() {<br> System.out.print(""B "");<br> }<br>}<br>public class Main {<br> public static void main(String[] args) {<br> new B();<br> }<br>}","A B","B A","B","A","A"
"100","Programming","Java","Type B","Type B_10","Which of the following code snippets will produce the output:<br>Dog barks","class Animal {<br> void speak() {<br> System.out.println(""Animal sound"");<br> }<br>}<br>class Dog extends Animal {<br> void speak(String s) {<br> System.out.println(""Dog barks"");<br> }<br>}<br>public class Main {<br> public static void main(String[] args) {<br> Animal a = new Dog();<br> a.speak();<br> }<br>}","class Animal {<br> void speak() {<br> System.out.println(""Animal sound"");<br> }<br>}<br>class Dog extends Animal {<br> void speak() {<br> System.out.println(""Dog barks"");<br> }<br>}<br>public class Main {<br> public static void main(String[] args) {<br> Dog d = new Animal();<br> d.speak();<br> }<br>}","class Animal {<br> void speak() {<br> System.out.println(""Animal sound"");<br> }<br>}<br>class Dog extends Animal {<br> void speak() {<br> System.out.println(""Dog barks"");<br> }<br>}<br>public class Main {<br> public static void main(String[] args) {<br> Animal a = new Dog();<br> a.speak();<br> }<br>}","class Animal {<br> void speak() {<br> System.out.println(""Animal sound"");<br> }<br>}<br>class Dog extends Animal {<br> void speak() {<br> System.out.println(""Dog barks"");<br> }<br>}<br>public class Main {<br> public static void main(String[] args) {<br> Animal a = new Animal();<br> a.speak();<br> }<br>}","C"
"101","Programming","Java","Type C","Type C_10","Which of the following completes the missing line/s so that the code produces the expected output?<br>abstract class Shape {<br> abstract double area();<br>}<br>class Square extends Shape {<br> double s;<br> Square(double s) {<br> this.s = s;<br> }<br> ______<br>}<br>public class Main {<br> public static void main(String[] args) {<br> Shape sh = new Square(5);<br> System.out.println(sh.area());<br> }<br>}<br>Expected output:<br>25.0","double area() { return 4 * s; }","double area() { return s * s; }","double area() { return s + s; }","int area() { return (int) (s * s); }","B"
"102","Programming","Java","Type A","Type A_12","What is the output of the following code?<br>class Counter {<br> static int count = 0;<br> Counter() {<br> count++;<br> }<br>}<br>public class Main {<br> public static void main(String[] args) {<br> new Counter();<br> new Counter();<br> new Counter();<br> System.out.println(Counter.count);<br> }<br>}","0","1","3","Compilation error","C"
"103","Programming","Java","Type B","Type B_11","Which of the following code snippets will produce the output:<br>olleh","public class Main {<br> public static void main(String[] args) {<br>  StringBuilder sb = new StringBuilder(""hello"");<br>  System.out.println(sb);<br> }<br>}","public class Main {<br> public static void main(String[] args) {<br>  StringBuilder sb = new StringBuilder(""hello"");<br>  System.out.println(sb.reverse());<br> }<br>}","public class Main {<br> public static void main(String[] args) {<br>  StringBuilder sb = new StringBuilder(""hello"");<br>  System.out.println(sb.reverse().toString().toUpperCase());<br> }<br>}","public class Main {<br> public static void main(String[] args) {<br>  String s = ""hello"";<br>  String r = """";<br>  for (int i = s.length() - 1; i > 0; i--) {<br>   r += s.charAt(i);<br>  }<br>  System.out.println(r);<br> }<br>}","B"
"104","Programming","Java","Type C","Type C_11","Which of the following completes the missing line/s so that the code produces the expected output?<br>interface Greeter {<br> String greet(String n);<br>}<br>public class Main {<br> public static void main(String[] args) {<br> Greeter g = ______;<br> System.out.println(g.greet(""Ana""));<br> }<br>}<br>Expected output:<br>Hello, Ana!","n -> ""Hello, "" + n + ""!""","n -> ""Hello, "" + n","n -> ""Hello, n!""","() -> ""Hello, Ana!""","A"
"105","Programming","Java","Type A","Type A_13","What is the output of the following code?<br>public class Main {<br> static void show(int x) {<br> System.out.print(""int "");<br> }<br> static void show(double x) {<br> System.out.print(""double "");<br> }<br> static void show(String s) {<br> System.out.print(""String "");<br> }<br> public static void main(String[] args) {<br> show(5);<br> show(5.0);<br> show(""5"");<br> }<br>}","int int String","double double String","double int String","int double String","D"
"106","Programming","Java","Type B","Type B_12","Which of the following code snippets will produce the output:<br>2 1","class Box {<br> int total = 0;<br> int id = 0;<br> Box() {<br> total++;<br> id++;<br> }<br>}<br>public class Main {<br> public static void main(String[] args) {<br> new Box();<br> Box b = new Box();<br> System.out.println(b.total + "" "" + b.id);<br> }<br>}","class Box {<br> static int total = 0;<br> static int id = 0;<br> Box() {<br> total++;<br> id++;<br> }<br>}<br>public class Main {<br> public static void main(String[] args) {<br> new Box();<br> Box b = new Box();<br> System.out.println(b.total + "" "" + b.id);<br> }<br>}","class Box {<br> static int total = 0;<br> int id = 0;<br> Box() {<br> total++;<br> id++;<br> }<br>}<br>public class Main {<br> public static void main(String[] args) {<br> Box b = new Box();<br> System.out.println(b.total + "" "" + b.id);<br> }<br>}","class Box {<br> static int total = 0;<br> int id = 0;<br> Box() {<br> total++;<br> id++;<br> }<br>}<br>public class Main {<br> public static void main(String[] args) {<br> new Box();<br> Box b = new Box();<br> System.out.println(b.total + "" "" + b.id);<br> }<br>}","D"
"107","Programming","Java","Type C","Type C_12","Which of the following completes the missing line/s so that the code produces the expected output?<br>import java.util.*;<br>public class Main {<br> public static void main(String[] args) {<br> List<Integer> list = Arrays.asList(3, 6, 9);<br> int total = 0;<br> for (int n : list) {<br> ______<br> }<br> System.out.println(total);<br> }<br>}<br>Expected output:<br>18","total += n;","total = n;","total++;","total *= n;","A"
"108","Programming","Java","Type A","Type A_14","What is the output of the following code?<br>public class Main {<br> public static void main(String[] args) {<br> String s = ""Programming"";<br> String part = s.substring(3, 7).toUpperCase();<br> System.out.println(part + s.length());<br> }<br>}","RAMM11","GRAM11","GRAMM11","GRAM10","B"
"109","Programming","Java","Type B","Type B_13","Which of the following code snippets will produce the output:<br>Area: 12.0","interface Shape {<br> double area();<br>}<br>public class Main {<br> public static void main(String[] args) {<br> Shape s = () -> 3 + 4;<br> System.out.println(""Area: "" + s.area());<br> }<br>}","interface Shape {<br> double area();<br>}<br>public class Main {<br> public static void main(String[] args) {<br> Shape s = () -> 0.5 * 3 * 4;<br> System.out.println(""Area: "" + s.area());<br> }<br>}","interface Shape {<br> double area();<br>}<br>public class Main {<br> public static void main(String[] args) {<br> Shape s = () -> 3 * 4;<br> System.out.println(""Area: "" + s.area());<br> }<br>}","interface Shape {<br> double area();<br>}<br>public class Main {<br> public static void main(String[] args) {<br> Shape s = () -> 2 * (3 + 4);<br> System.out.println(""Area: "" + s.area());<br> }<br>}","C"
"110","Programming","Java","Type C","Type C_13","Which of the following completes the missing line/s so that the code produces the expected output?<br>public class Main {<br> public static void main(String[] args) {<br> try {<br> Object o = ""text"";<br> Integer i = (Integer) o;<br> System.out.println(i);<br> } ______ {<br> System.out.println(""Bad cast"");<br> }<br> }<br>}<br>Expected output:<br>Bad cast","catch (NumberFormatException e)","catch (ClassCastException e)","catch (ArithmeticException e)","catch (NullPointerException e)","B"
"111","Programming","Java","Type A","Type A_15","What is the output of the following code?<br>import java.util.*;<br>public class Main {<br> public static void main(String[] args) {<br> List<Integer> nums = Arrays.asList(1, 2, 3, 4, 5, 6);<br> int r = nums.stream()<br> .filter(n -> n % 2 == 0)<br> .mapToInt(n -> n * n)<br> .sum();<br> System.out.println(r);<br> }<br>}","12","91","36","56","D"
"112","Programming","Java","Type B","Type B_14","Which of the following code snippets will produce the output:<br>[2, 4, 6]","import java.util.*;<br>import java.util.stream.*;<br>public class Main {<br> public static void main(String[] args) {<br> List<Integer> result = Arrays.asList(1, 2, 3).stream()<br> .map(n -> n * 2)<br> .collect(Collectors.toList());<br> System.out.println(result);<br> }<br>}","import java.util.*;<br>import java.util.stream.*;<br>public class Main {<br> public static void main(String[] args) {<br> List<Integer> result = Arrays.asList(1, 2, 3).stream()<br> .map(n -> n + 1)<br> .collect(Collectors.toList());<br> System.out.println(result);<br> }<br>}","import java.util.*;<br>import java.util.stream.*;<br>public class Main {<br> public static void main(String[] args) {<br> List<Integer> result = Arrays.asList(1, 2, 3).stream()<br> .filter(n -> n % 2 == 0)<br> .collect(Collectors.toList());<br> System.out.println(result);<br> }<br>}","import java.util.*;<br>import java.util.stream.*;<br>public class Main {<br> public static void main(String[] args) {<br> List<Integer> result = Arrays.asList(1, 2, 3, 4).stream()<br> .map(n -> n * 2)<br> .collect(Collectors.toList());<br> System.out.println(result);<br> }<br>}","A"
"113","Programming","Java","Type C","Type C_14","Which of the following completes the missing line/s so that the code produces the expected output?<br>import java.util.*;<br>class EventSource {<br> List<Runnable> handlers = new ArrayList<>();<br> void addHandler(Runnable r) {<br> handlers.add(r);<br> }<br> void fire() {<br> ______<br> }<br>}<br>public class Main {<br> public static void main(String[] args) {<br> EventSource es = new EventSource();<br> es.addHandler(() -> System.out.println(""Event 1""));<br> es.addHandler(() -> System.out.println(""Event 2""));<br> es.fire();<br> }<br>}<br>Expected output:<br>Event 1<br>Event 2","handlers.get(0).run();","handlers.get(handlers.size() - 1).run();","for (int i = handlers.size() - 1; i >= 0; i--) {<br> handlers.get(i).run();<br>}","for (Runnable r : handlers) {<br> r.run();<br>}","D"
"114","Programming","Java","Type A","Type A_16","What is the output of the following code?<br>public class Main {<br> public static void main(String[] args) {<br> try {<br> int[] a = new int[3];<br> a[3] = 5;<br> System.out.print(""A "");<br> } catch (ArrayIndexOutOfBoundsException e) {<br> System.out.print(""B "");<br> } finally {<br> System.out.print(""C"");<br> }<br> }<br>}","A C","A B C","B","B C","D"
"115","Programming","Java","Type B","Type B_15","Which of the following code snippets will produce the output:<br>Error<br>Done","public class Main {<br> public static void main(String[] args) {<br> try {<br>  int x = 10 / 0;<br> } catch (ArithmeticException e) {<br>  System.out.println(""Error"");<br> } finally {<br>  System.out.println(""Done"");<br> }<br> }<br>}","public class Main {<br> public static void main(String[] args) {<br> try {<br>  int x = 10 / 2;<br> } catch (ArithmeticException e) {<br>  System.out.println(""Error"");<br> } finally {<br>  System.out.println(""Done"");<br> }<br> }<br>}","public class Main {<br> public static void main(String[] args) {<br> try {<br>  int x = 10 / 0;<br> } catch (NullPointerException e) {<br>  System.out.println(""Error"");<br> } finally {<br>  System.out.println(""Done"");<br> }<br> }<br>}","public class Main {<br> public static void main(String[] args) {<br> try {<br>  int x = 10 / 0;<br> } catch (ArithmeticException e) {<br>  System.out.println(""Done"");<br> } finally {<br>  System.out.println(""Error"");<br> }<br> }<br>}","A"
"116","Programming","Java","Type C","Type C_15","Which of the following completes the missing line/s so that the code produces the expected output?<br>class Base {<br> void show() {<br> System.out.print(""Base "");<br> }<br>}<br>class Derived extends Base {<br> void show() {<br> ______<br> System.out.print(""Derived"");<br> }<br>}<br>public class Main {<br> public static void main(String[] args) {<br> new Derived().show();<br> }<br>}<br>Expected output:<br>Base Derived","this.show();","Base.show();","super();","super.show();","D"
"117","Programming","Java","Type A","Type A_17","What is the output of the following code?<br>interface Listener {<br> void onEvent(String name);<br>}<br>class Button {<br> private Listener listener;<br> void setListener(Listener l) {<br> listener = l;<br> }<br> void click() {<br> if (listener != null) {<br> listener.onEvent(""clicked"");<br> }<br> }<br>}<br>public class Main {<br> public static void main(String[] args) {<br> Button b = new Button();<br> b.setListener(name -> System.out.println(""Button "" + name));<br> b.click();<br> }<br>}","clicked","Button name","Button clicked","No output","C"
"118","Programming","Java","Type B","Type B_16","Which of the following code snippets will produce the output:<br>Name: Ana, Age: 20","class Person {<br> String name;<br> int age;<br> Person(String name, int age) {<br> this.name = name;<br> this.age = age;<br> }<br>}<br>public class Main {<br> public static void main(String[] args) {<br> Person p = new Person(""Ana"", 20);<br> System.out.println(""Name: "" + p.name + "", Age: "" + p.age);<br> }<br>}","class Person {<br> String name;<br> int age;<br> Person(String name, int age) {<br> name = name;<br> age = age;<br> }<br>}<br>public class Main {<br> public static void main(String[] args) {<br> Person p = new Person(""Ana"", 20);<br> System.out.println(""Name: "" + p.name + "", Age: "" + p.age);<br> }<br>}","class Person {<br> String name;<br> int age;<br> Person(String name, int age) {<br> this.name = name;<br> }<br>}<br>public class Main {<br> public static void main(String[] args) {<br> Person p = new Person(""Ana"", 20);<br> System.out.println(""Name: "" + p.name + "", Age: "" + p.age);<br> }<br>}","class Person {<br> String name;<br> int age;<br> Person(String name, int age) {<br> this.name = name;<br> this.age = age + 1;<br> }<br>}<br>public class Main {<br> public static void main(String[] args) {<br> Person p = new Person(""Ana"", 20);<br> System.out.println(""Name: "" + p.name + "", Age: "" + p.age);<br> }<br>}","A"
"119","Programming","Java","Type C","Type C_16","Which of the following completes the missing line/s so that the code produces the expected output?<br>import java.util.*;<br>public class Main {<br> public static void main(String[] args) {<br> List<String> names = Arrays.asList(""Zed"", ""Amy"", ""Bob"");<br> ______<br> System.out.println(names);<br> }<br>}<br>Expected output:<br>[Amy, Bob, Zed]","Collections.sort(names);","Collections.reverse(names);","Collections.sort(names, Collections.reverseOrder());","names.add(""Amy"");","A"
"120","Programming","Java","Type B","Type B_17","Which of the following code snippets will produce the output:<br>1 3 5","public class Main {<br> public static void main(String[] args) {<br> for (int i = 1; i <= 6; i++) {<br>  if (i % 2 == 0) {<br>   break;<br>  }<br>  System.out.print(i + "" "");<br> }<br> }<br>}","public class Main {<br> public static void main(String[] args) {<br> for (int i = 1; i <= 6; i++) {<br>  if (i % 2 == 1) {<br>   continue;<br>  }<br>  System.out.print(i + "" "");<br> }<br> }<br>}","public class Main {<br> public static void main(String[] args) {<br> for (int i = 0; i <= 5; i += 2) {<br>  System.out.print(i + "" "");<br> }<br> }<br>}","public class Main {<br> public static void main(String[] args) {<br> for (int i = 1; i <= 6; i++) {<br>  if (i % 2 == 0) {<br>   continue;<br>  }<br>  System.out.print(i + "" "");<br> }<br> }<br>}","D"
"121","Programming","C#","Type A","Type A_18","What is the output of the following code?<br>using System;<br>class Student<br>{<br> public string Name { get; set; }<br> public int Age { get; set; }<br>}<br>class Program<br>{<br> static void Main()<br> {<br> var s = new Student { Name = ""Mia"", Age = 19 };<br> s.Age += 2;<br> Console.WriteLine($""{s.Name} is {s.Age}"");<br> }<br>}","Mia is 19","Mia is 21","Mia is 2","Name is Age","B"
"122","Programming","C#","Type B","Type B_18","Which of the following code snippets will produce the output:<br>Pi = 3.14","using System;<br>class Program<br>{<br> static void Main()<br> {<br>  Console.WriteLine($""Pi = {Math.PI:F1}"");<br> }<br>}","using System;<br>class Program<br>{<br> static void Main()<br> {<br>  Console.WriteLine($""Pi = {Math.PI:F3}"");<br> }<br>}","using System;<br>class Program<br>{<br> static void Main()<br> {<br>  Console.WriteLine($""Pi = {Math.Round(Math.PI)}"");<br> }<br>}","using System;<br>class Program<br>{<br> static void Main()<br> {<br>  Console.WriteLine($""Pi = {Math.PI:F2}"");<br> }<br>}","D"
"123","Programming","C#","Type C","Type C_17","Which of the following completes the missing line/s so that the code produces the expected output?<br>using System;<br>using System.Linq;<br>class Program<br>{<br> static void Main()<br> {<br>  int[] data = { 4, 7, 1, 9, 3 };<br>  var result = data.______;<br>  Console.WriteLine(string.Join("" "", result));<br> }<br>}<br>Expected output:<br>1 3 4 7 9","OrderBy(n => n)","OrderByDescending(n => n)","Take(3)","Where(n => n > 3)","A"
"124","Programming","C#","Type A","Type A_19","What is the output of the following code?<br>using System;<br>using System.Linq;<br>class Program<br>{<br> static void Main()<br> {<br>  int[] nums = { 5, 12, 8, 3, 20 };<br>  var r = nums.Where(n => n > 7).Select(n => n / 2);<br>  Console.WriteLine(string.Join("","", r));<br> }<br>}","12,8,20","2,6,4,1,10","5,12,8,3,20","6,4,10","D"
"125","Programming","C#","Type B","Type B_19","Which of the following code snippets will produce the output:<br>Banana Cherry","using System;<br>using System.Linq;<br>class Program<br>{<br> static void Main()<br> {<br>  string[] fruits = { ""Apple"", ""Banana"", ""Cherry"" };<br>  var r = fruits.Where(f => f.Length >= 5);<br>  Console.WriteLine(string.Join("" "", r));<br> }<br>}","using System;<br>using System.Linq;<br>class Program<br>{<br> static void Main()<br> {<br>  string[] fruits = { ""Apple"", ""Banana"", ""Cherry"" };<br>  var r = fruits.Take(2);<br>  Console.WriteLine(string.Join("" "", r));<br> }<br>}","using System;<br>using System.Linq;<br>class Program<br>{<br> static void Main()<br> {<br>  string[] fruits = { ""Apple"", ""Banana"", ""Cherry"" };<br>  var r = fruits.Where(f => f.Length > 5);<br>  Console.WriteLine(string.Join("" "", r));<br> }<br>}","using System;<br>using System.Linq;<br>class Program<br>{<br> static void Main()<br> {<br>  string[] fruits = { ""Apple"", ""Banana"", ""Cherry"" };<br>  var r = fruits.Skip(2);<br>  Console.WriteLine(string.Join("" "", r));<br> }<br>}","C"
"126","Programming","C#","Type C","Type C_18","Which of the following completes the missing line/s so that the code produces the expected output?<br>using System;<br>class Clock<br>{<br> public event EventHandler Tick;<br> public void Fire()<br> {<br> Tick?.Invoke(this, EventArgs.Empty);<br> }<br>}<br>class Program<br>{<br> static void OnTick(object sender, EventArgs e)<br> {<br> Console.WriteLine(""Tick received"");<br> }<br> static void Main()<br> {<br> var c = new Clock();<br> ______<br> c.Fire();<br> }<br>}<br>Expected output:<br>Tick received","c.Tick += OnTick;","c.Tick -= OnTick;","c.Tick = OnTick;","c.Tick += OnTick();","A"
"127","Programming","C#","Type A","Type A_20","What is the output of the following code?<br>using System;<br>class Publisher<br>{<br> public event Action<string> Notify;<br> public void Raise(string m)<br> {<br> Notify?.Invoke(m);<br> }<br>}<br>class Program<br>{<br> static void Main()<br> {<br> var p = new Publisher();<br> p.Notify += m => Console.Write(""A:"" + m + "" "");<br> p.Notify += m => Console.Write(""B:"" + m + "" "");<br> p.Raise(""hi"");<br> }<br>}","B:hi A:hi","A:hi B:hi","A:hi","hi hi","B"
"128","Programming","C#","Type B","Type B_20","Which of the following code snippets will produce the output:<br>Value: 10","using System;<br>class Program<br>{<br> static void Twice(int x)<br> {<br> x *= 2;<br> }<br> static void Main()<br> {<br> int v = 5;<br> Twice(v);<br> Console.WriteLine(""Value: "" + v);<br> }<br>}","using System;<br>class Program<br>{<br> static void Twice(ref int x)<br> {<br> x *= 3;<br> }<br> static void Main()<br> {<br> int v = 5;<br> Twice(ref v);<br> Console.WriteLine(""Value: "" + v);<br> }<br>}","using System;<br>class Program<br>{<br> static void Twice(ref int x)<br> {<br> x *= 2;<br> }<br> static void Main()<br> {<br> int v = 5;<br> Twice(ref v);<br> Console.WriteLine(""Value: "" + v);<br> }<br>}","using System;<br>class Program<br>{<br> static void Twice(ref int x)<br> {<br> x += 2;<br> }<br> static void Main()<br> {<br> int v = 5;<br> Twice(ref v);<br> Console.WriteLine(""Value: "" + v);<br> }<br>}","C"
"129","Programming","C#","Type C","Type C_19","Which of the following completes the missing line/s so that the code produces the expected output?<br>using System;<br>abstract class Shape<br>{<br> public abstract double Area();<br>}<br>class Rect : Shape<br>{<br> private double w, h;<br> public Rect(double w, double h)<br> {<br> this.w = w;<br> this.h = h;<br> }<br> ______<br>}<br>class Program<br>{<br> static void Main()<br> {<br> Shape s = new Rect(3, 4);<br> Console.WriteLine(s.Area());<br> }<br>}<br>Expected output:<br>12","public double Area() => w * h;","public override double Area() => w + h;","public override double Area() => w * h;","public override double Area() => 2 * (w + h);","C"
"130","Programming","C#","Type A","Type A_21","What is the output of the following code?<br>using System;<br>class Base<br>{<br> public virtual string Who() => ""Base"";<br> public string Hi() => ""Hi from Base"";<br>}<br>class Child : Base<br>{<br> public override string Who() => ""Child"";<br> public new string Hi() => ""Hi from Child"";<br>}<br>class Program<br>{<br> static void Main()<br> {<br> Base b = new Child();<br> Console.WriteLine(b.Who() + "" / "" + b.Hi());<br> }<br>}","Child / Hi from Base","Child / Hi from Child","Base / Hi from Base","Base / Hi from Child","A"
"131","Programming","C#","Type B","Type B_21","Which of the following code snippets will produce the output:<br>Balance: 150","using System;<br>class Account<br>{<br> private int balance = 100;<br> public void Deposit(int amount)<br> {<br> balance = amount;<br> }<br> public int Balance<br> {<br> get { return balance; }<br> }<br>}<br>class Program<br>{<br> static void Main()<br> {<br> var acc = new Account();<br> acc.Deposit(50);<br> Console.WriteLine(""Balance: "" + acc.Balance);<br> }<br>}","using System;<br>class Account<br>{<br> private int balance = 100;<br> public void Deposit(int amount)<br> {<br> balance *= amount;<br> }<br> public int Balance<br> {<br> get { return balance; }<br> }<br>}<br>class Program<br>{<br> static void Main()<br> {<br> var acc = new Account();<br> acc.Deposit(50);<br> Console.WriteLine(""Balance: "" + acc.Balance);<br> }<br>}","using System;<br>class Account<br>{<br> private int balance = 100;<br> public void Deposit(int amount)<br> {<br> balance += amount;<br> }<br> public int Balance<br> {<br> get { return balance; }<br> }<br>}<br>class Program<br>{<br> static void Main()<br> {<br> var acc = new Account();<br> acc.Deposit(50);<br> acc.Deposit(50);<br> Console.WriteLine(""Balance: "" + acc.Balance);<br> }<br>}","using System;<br>class Account<br>{<br> private int balance = 100;<br> public void Deposit(int amount)<br> {<br> balance += amount;<br> }<br> public int Balance<br> {<br> get { return balance; }<br> }<br>}<br>class Program<br>{<br> static void Main()<br> {<br> var acc = new Account();<br> acc.Deposit(50);<br> Console.WriteLine(""Balance: "" + acc.Balance);<br> }<br>}","D"
"132","Programming","C#","Type C","Type C_20","Which of the following completes the missing line/s so that the code produces the expected output?<br>using System;<br>class Program<br>{<br> static void Split(int total, out int tens, out int ones)<br> {<br> ______<br> }<br> static void Main()<br> {<br> Split(47, out int t, out int o);<br> Console.WriteLine(t + "" "" + o);<br> }<br>}<br>Expected output:<br>4 7","tens = total / 10;<br>ones = total % 10;","tens = total % 10;<br>ones = total / 10;","tens = total / 10;","tens = total / 10;<br>ones = total / 10;","A"
"133","Programming","C#","Type A","Type A_22","What is the output of the following code?<br>using System;<br>struct P { public int X; }<br>class C { public int X; }<br>class Program<br>{<br> static void Main()<br> {<br> P p1 = new P { X = 1 };<br> P p2 = p1;<br> p2.X = 9;<br> C c1 = new C { X = 1 };<br> C c2 = c1;<br> c2.X = 9;<br> Console.WriteLine(p1.X + "" "" + c1.X);<br> }<br>}","9 9","1 1","1 9","9 1","C"
"134","Programming","C#","Type B","Type B_22","Which of the following code snippets will produce the output:<br>Clicked!","using System;<br>class Button<br>{<br> public event Action Click;<br> public void Press()<br> {<br> Click?.Invoke();<br> }<br>}<br>class Program<br>{<br> static void Main()<br> {<br> var b = new Button();<br> b.Click += () => Console.WriteLine(""Clicked!"");<br> }<br>}","using System;<br>class Button<br>{<br> public event Action Click;<br> public void Press()<br> {<br> Click?.Invoke();<br> }<br>}<br>class Program<br>{<br> static void Main()<br> {<br> var b = new Button();<br> b.Press();<br> }<br>}","using System;<br>class Button<br>{<br> public event Action Click;<br> public void Press()<br> {<br> Click?.Invoke();<br> }<br>}<br>class Program<br>{<br> static void Main()<br> {<br> var b = new Button();<br> b.Click += () => Console.WriteLine(""Clicked!"");<br> b.Press();<br> }<br>}","using System;<br>class Button<br>{<br> public event Action Click;<br> public void Press()<br> {<br> Click?.Invoke();<br> }<br>}<br>class Program<br>{<br> static void Main()<br> {<br> var b = new Button();<br> Action h = () => Console.WriteLine(""Clicked!"");<br> b.Click += h;<br> b.Click -= h;<br> b.Press();<br> }<br>}","C"
"135","Programming","C#","Type C","Type C_21","Which of the following completes the missing line/s so that the code produces the expected output?<br>using System;<br>class Program<br>{<br> static void Main()<br> {<br> Func<int, int, int> op = ______;<br> Console.WriteLine(op(6, 4));<br> }<br>}<br>Expected output:<br>24","(a, b) => a + b","(a, b) => a - b","a => a * 4","(a, b) => a * b","D"
"136","Programming","Haskell","Type A","Type A_23","What is the output of the following code?<br>main :: IO ()<br>main = print (map (*2) (filter even [1..8]))","[2,4,6,8]","[4,8,12,16]","[2,6,10,14]","[1,2,3,4,5,6,7,8]","B"
"137","Programming","Haskell","Type B","Type B_23","Which of the following code snippets will produce the output:<br>[1,4,9,16]","main :: IO ()<br>main = print (map (*2) [1..4])","main :: IO ()<br>main = print (map (^2) [1..4])","main :: IO ()<br>main = print (map (\x -> x * x) [0..4])","main :: IO ()<br>main = print (takeWhile (<10) (map (^2) [1..]))","B"
"138","Programming","Haskell","Type C","Type C_22","Which of the following completes the missing line/s so that the code produces the expected output?<br>twice :: Int -> Int<br>______<br>main :: IO ()<br>main = print (twice 21)<br>Expected output:<br>42","twice x = x + 2","twice x = x ^ 2","twice x = x - 2","twice x = x * 2","D"
"139","Programming","Haskell","Type A","Type A_24","What is the output of the following code?<br>main :: IO ()<br>main = print (foldr (\x acc -> x - acc) 0 [1,2,3,4])","-2","10","-10","2","A"
"140","Programming","Haskell","Type B","Type B_24","Which of the following code snippets will produce the output:<br>olleh","main :: IO ()<br>main = putStrLn (reverse ""olleh"")","main :: IO ()<br>main = putStrLn (tail (reverse ""hello""))","main :: IO ()<br>main = print (reverse ""hello"")","main :: IO ()<br>main = putStrLn (reverse ""hello"")","D"
"141","Programming","Haskell","Type C","Type C_23","Which of the following completes the missing line/s so that the code produces the expected output?<br>len :: [a] -> Int<br>______<br>len (_:xs) = 1 + len xs<br>main :: IO ()<br>main = print (len ""event"")<br>Expected output:<br>5","len [] = 1","len [] = 0","len [x] = 0","len _ = 0","B"
"142","Programming","Haskell","Type A","Type A_25","What is the output of the following code?<br>f :: [Int] -> Int<br>f [] = 0<br>f (x:xs) = x * 2 + f xs<br>main :: IO ()<br>main = print (f [1,2,3])","6","18","12","0","C"
"143","Programming","Haskell","Type B","Type B_25","Which of the following code snippets will produce the output:<br>15","main :: IO ()<br>main = print (foldl (\acc x -> acc * x) 1 [1..5])","main :: IO ()<br>main = print (foldl (\acc x -> acc + x) 0 [1..5])","main :: IO ()<br>main = print (foldr (-) 0 [1..5])","main :: IO ()<br>main = print (sum (map (+1) [1..5]))","B"
"144","Programming","Haskell","Type C","Type C_24","Which of the following completes the missing line/s so that the code produces the expected output?<br>main :: IO ()<br>main = print [______ | x <- [1..10], even x]<br>Expected output:<br>[4,16,36,64,100]","x * 2","x * x","x + 2","x ^ 3","B"
"145","Programming","Haskell","Type C","Type C_25","Which of the following completes the missing line/s so that the code produces the expected output?<br>process :: [Int] -> Int<br>process = ______<br>main :: IO ()<br>main = print (process [1..10])<br>Expected output:<br>165","sum . map (^2) . filter odd","sum . map (^2) . filter even","sum . filter odd","sum . map (^2)","A"
